MEM1,MEM2
34.039264,4.803997
49.552133,5.237966
59.287842,5.565761
42.001887,7.017597
110.931607,8.553167
141.580347,11.781493
81.181334,5.307115
26.895002,3.581163
8.085552,2.040574
82.240227,7.587277
6.744277,4.747318
17.879744,2.942315
2.123015,1.890589
226.74351,6.706582
159.638847,5.905702
419.663777,5.270796
26.062935,5.402403
727.174924,48.039695
91.859605,36.326804
129.542347,6.478181
53.05623,5.159451
45.843086,4.77062
